"","time","title"
"1",2021-09-04,"elon musk says tesla is building a humanoid robot"
"2",2021-09-04,"tesla daily the tesla bot is a longterm, ambitious project"
"3",2021-09-01,"starlink satellite internet could reach india soon, spacex ceo elon musk says regulatory approval underway"
"4",2021-08-30,"another tesla reportedly using autopilot hits a parked police car"
"5",2021-08-30,"sandhar tech jumps 13 as report suggests co supplying auto parts to tesla"
"6",2021-08-30,"tesla driver says she was using autopilot during crash in orlando"
"7",2021-08-30,"teslas proposal for lower import duty finds traction"
"8",2021-08-30,"tesla ceo elon musk signals competition concerns over nvidiaarm deal report"
"9",2021-08-30,"twitter user asks if elon musk is an alien see his hilarious reply"
"10",2021-08-29,"tesla aims to revitalize its solar energy and storage business this year after 2019 slump"
"11",2021-08-29,"elon musk has a history of wild ideas some of them have worked out"
"12",2021-08-29,"elon musks spacex launches resupply mission to space station"
"13",2021-08-29,"elon musks tesla in talks with 3 indian firms for auto components report"
"14",2021-08-28,"a tesla model 3 hit a police car in orlando, driver said she was in autopilot"
"15",2021-08-28,"a tesla model 3 hit a parked police car in orlando, driver said she was in autopilot"
"16",2021-08-27,"tesla inc stock outperforms competitors on strong trading day"
"17",2021-08-27,"teslas elon musk wants to fix texas utility problem someone needs to"
"18",2021-08-27,"tesla electric truck rival rivian files ipo estimated at 80b"
"19",2021-08-27,"tesla sues electric truck rival rivian, claims it stole trade secrets"
"20",2021-08-27,"tesla, nikola rival rivian readies to launch r1t pickup truck"
"21",2021-08-27,"chinese ev makers report record june deliveries with an eye on rival tesla"
"22",2021-08-27,"jeff bezos and elon musk are now butting heads over the small satellite internet business"
"23",2021-08-27,"musk goes after bezos as billionaire space race intensifies"
"24",2021-08-27,"jeff bezos retired to file lawsuits against spacex, says elon musk"
"25",2021-08-27,"tesla files to sell electricity in texas retail market"
"26",2021-08-27,"elon musk thinks heres why jeff bezos retired as amazon ceo"
"27",2021-08-27,"elon musk bezos retired in order to pursue a fulltime job filing lawsuits against spacex"
"28",2021-08-27,"tesla applies to sell electricity to texas residents report"
"29",2021-08-27,"tesla files to become an electricity provider in texas"
"30",2021-08-26,"elon musks spacex says liquid oxygen supplies hit due to covid19"
"31",2021-08-26,"buythedip candidates tesla, bitcoin, honeywell stocks"
"32",2021-08-26,"tesla starts hiring roboticists for its humanoid robot project"
"33",2021-08-26,"locomotive has more lines of code than tesla wabtecs nalin jain"
"34",2021-08-25,"tesla inc stock outperforms market on strong trading day"
"35",2021-08-25,"tesla ignites a feud, and it has nothing to do with cars"
"36",2021-08-25,"tesla keeps on growing as the model y hits europe earlier than expected3 min read"
"37",2021-08-25,"tesla keeps on growing as the model y hits europe earlier than expected"
"38",2021-08-25,"tesla ignites a feud, and it has nothing to do with cars6 min read"
"39",2021-08-25,"elon musk says tesla is building a humanoid robot"
"40",2021-08-25,"tesla, moderna are among hedge funds favorite stocks to short"
"41",2021-08-25,"electric vehicle checkpoint jim cramer calls tesla cybertruck an eyesore"
"42",2021-08-24,"elon musk pans pilot version of teslas driverassistance feature"
"43",2021-08-24,"musk says teslas autopilot software is not great investors dont care"
"44",2021-08-24,"elon musk pans pilot version of teslas driverassistance feature2 min read"
"45",2021-08-24,"musk criticizes on twitter latest test version of teslas selfdriving software"
"46",2021-08-24,"elon musk says teslas latest beta selfdriving software is not great"
"47",2021-08-24,"musk says tesla auto pilot software needs improvement"
"48",2021-08-24,"massive ai project will supercharge tesla stock"
"49",2021-08-24,"jim cramer says tesla cybertruck could be elon musks first disaster"
"50",2021-08-24,"tesla stock surges as deutsche bank, new street praise ai efforts"
"51",2021-08-24,"stock market today with jim cramer pfizer and teslas cybertruck"
"52",2021-08-24,"elon musk says teslas selfdriving fsd beta 92 update not great, ai team rallying to improve"
"53",2021-08-24,"elon musk says spacex has shipped 100,000 starlink terminals"
"54",2021-08-20,"heres what wall street analysts are saying about teslas ai day"
"55",2021-08-20,"tesla appears far ahead of competitors in autonomous tech, says loups munster"
"56",2021-08-20,"tesla ai day was weird its stock is rising anyway 2 min read"
"57",2021-08-20,"elon musk unveils plans for humanoid robot that uses teslas artificial intelligence"
"58",2021-08-20,"tesla ceo elon musks tweets might still be a problem for the sec"
"59",2021-08-20,"at ai day, musk says tesla will have a humanoid robot next year"
"60",2021-08-20,"elon musk says tesla is building a humanoid robot for boring, repetitive and dangerous work"
"61",2021-08-20,"fridays biggest analyst calls microsoft, tesla, peloton, best buy, dell more"
"62",2021-08-20,"elon musk says tesla will build a humanoid robot prototype by next year"
"63",2021-08-20,"here are fridays biggest analyst calls of the day microsoft, tesla, peloton, netflix, dell more"
"64",2021-08-20,"elon musk says teslas robot will make physical work a choice"
"65",2021-08-20,"tesla and robots, applied materials, jj, apple 5 things you must know"
"66",2021-08-20,"elon musk says tesla plans robots based on its ai technology"
"67",2021-08-20,"elonmusksays tesla is working on humanoid robots"
"68",2021-08-20,"tesla working on tesla bot humanoid robots for boring tasks, ceo elon musk says"
"69",2021-08-20,"elon musk and jeff bezos are arguing over the moon already"
"70",2021-08-19,"dow selloff, nvidia, tesla ai day and robinhood 5 things you must know"
"71",2021-08-19,"musks ai day confronts tough questions about teslas technology"
"72",2021-08-19,"an inside look at whats next for ai at tesla beyond our vehicle fleet"
"73",2021-08-18,"tesla selfdriving advertising claimed to be misleading, investigation requested"
"74",2021-08-18,"volkswagen on an electric path to overtake tesla"
"75",2021-08-18,"tesla shares slide as ford, gm stocks gain on ev success"
"76",2021-08-18,"elon musks plan to tout tesla ai comes as tougher scrutiny of the company looms"
"77",2021-08-18,"senators call for federal probe into teslas autopilot claims"
"78",2021-08-18,"senators ask ftc to investigate teslas full selfdriving promises"
"79",2021-08-18,"tesla ceo elon musks tweets might still be a problem for the sec barrons on marketwatch"
"80",2021-08-18,"senators urge ftc to probe teslas autopilot claims"
"81",2021-08-18,"tesla misleads customers about selfdriving features, senators tell ftc"
"82",2021-08-18,"senators urge us probe of teslas autopilot claims"
"83",2021-08-18,"us senators urge ftc to probe teslas autopilot claims"
"84",2021-08-18,"tesla ai day is thursday it could be a big day for the stock4 min read"
"85",2021-08-18,"tesla faces critical technical level that could spook bulls, trader warns"
"86",2021-08-18,"tesla, volta are ev owners top picks for charging on the road, jd power finds"
"87",2021-08-18,"tesla may face us ftc probe over selfdriving claims as senators urge"
"88",2021-08-18,"tesla ai day is thursday it could be a big day for the stock"
"89",2021-08-18,"chinese tesla rival xpeng expands production capacity as competition heats up"
"90",2021-08-18,"missed out on tesla heres how you can ride on the ev boom, fund manager says"
"91",2021-08-18,"cramers lightning round i would buy some tesla now"
"92",2021-08-18,"missed out on tesla heres how you can ride on the ev boom, says one fund manager"
"93",2021-08-17,"us launches broad investigation into tesla autopilot over numerous crashes"
"94",2021-08-17,"tesla stock sells off while institutions continue to buy"
"95",2021-08-17,"dogecoin price on the rise mark cuban calls it strongest cryptocurrency, elon musk agrees"
"96",2021-08-17,"li auto targets autopilot language heres looking at you tesla3 min read"
"97",2021-08-17,"li auto targets autopilot language heres looking at you tesla"
"98",2021-08-17,"tesla is under investigation as its cars keep hitting emergency vehicles"
"99",2021-08-17,"tuesdays biggest analyst calls apple, tesla, robinhood, first solar, chipotle"
"100",2021-08-17,"here are tuesdays biggest analyst calls of the day apple, tesla, robinhood, first solar more"
"101",2021-08-17,"electric vehicle checkpoint cramer comments on tesla autopilot probe"
"102",2021-08-17,"premarket movers tuesday walmart, home depot, roblox, tesla"
"103",2021-08-17,"us opens probe into teslas autopilot over emergency vehicle crashes"
"104",2021-08-17,"it happened so fast inside a fatal tesla autopilot accident"
"105",2021-08-17,"tesla expands legal, external relations workforce in china"
"106",2021-08-17,"tesla hiring managers for legal, external relations workforce in china amidst public scrutiny"
"107",2021-08-17,"musks uturn on bitcoin genuine concern or publicity stunt"
"108",2021-08-16,"us opens formal investigation into tesla autopilot system"
"109",2021-08-16,"tesla is under investigation because its cars keep hitting emergency vehicles"
"110",2021-08-16,"stocks making the biggest moves midday walmart, tesla, rocket, sonos and more"
"111",2021-08-16,"tesla shares fall after us regulators launch formal investigation into autopilot system"
"112",2021-08-16,"us opens probe of tesla autopilot after 11 crashes agency"
"113",2021-08-16,"jim cramers suggestion for tesla as us regulator opens autopilot probe"
"114",2021-08-16,"elon musk agrees with mark cuban that dogecoin is strongest crypto as a medium of exchange"
"115",2021-08-16,"tesla stock drops after reports of nhtsa investigation into autopilot system after crashes"
"116",2021-08-16,"watch live jim cramer on tesla, tmobile, hyatt, geopolitical tensions, fed"
"117",2021-08-16,"nhtsa opens safety probe on teslas autopilot system"
"118",2021-08-16,"elon musks spacex shoots for the moonby 2024 or sooner2 min read"
"119",2021-08-16,"elon musks spacex shoots for the moonby 2024 or sooner"
"120",2021-08-16,"teslas autopilot system is subject of safety probe"
"121",2021-08-16,"tesla stock slides as us agency opens formal autopilot safety probe"
"122",2021-08-16,"the us will investigate teslas autopilot system after a series of crashes"
"123",2021-08-16,"us government opens probe into tesla autopilot crashes with emergency vehicles"
"124",2021-08-16,"study confirms this upside for tesla, evs over gas cars"
"125",2021-08-16,"last minute issues elon musk on delay in teslas next fsd update"
"126",2021-08-16,"tesla says ceo elon musks 2020 compensation was nil"
"127",2021-08-16,"spacexs first orbital stack flight just weeks away, says musk"
"128",2021-08-15,"bezos blue origin calls out musks spacex risky model"
"129",2021-08-15,"musk says starship orbital stack to be ready for flight in few weeks"
"130",2021-08-15,"elon musk zero pay but tens of billions in stock options in 2020"
"131",2021-08-14,"tesla seeks to reduce board members terms, make other changes in october shareholder meeting1 min read"
"132",2021-08-14,"tesla seeks to reduce board members terms, make other changes in october shareholder meeting"
"133",2021-08-14,"elon musks 2020 compensation was nil compared to 23,760 in 2019 tesla"
"134",2021-08-14,"elon musk again makes fun of jeff bezos, heres why"
"135",2021-08-13,"tesla seeks to reduce board terms in october shareholder meeting1 min read"
"136",2021-08-13,"tesla seeks to reduce board terms in october shareholder meeting"
"137",2021-08-13,"tesla inc stock underperforms friday when compared to competitors"
"138",2021-08-13,"chasing tesla here are the current electric vehicle plans of every major car maker5 min read"
"139",2021-08-13,"can anyone outdo tesla here are the current ev plans of every major car maker"
"140",2021-08-13,"chasing tesla here are the current electric vehicle plans of every major car maker"
"141",2021-08-13,"beyond meat, tesla on list of stocks to avoid or short, wolfe research says"
"142",2021-08-13,"boeings spaceship problems show just how amazing musks spacex is3 min read"
"143",2021-08-13,"teslas berlin factory to fix logistical nightmare for ev maker, wedbush says"
"144",2021-08-13,"musk says teslas delayed gigafactory should open in october"
"145",2021-08-13,"barrons boeings spaceship problems show just how amazing musks spacex is"
"146",2021-08-13,"boeings spaceship problems show just how amazing musks spacex is"
"147",2021-08-13,"tesla pushes back berlin gigafactory opening to october"
"148",2021-08-13,"tesla hopes to start production at berlin factory in october elon musk"
"149",2021-08-13,"musk says teslas delayed gigafactory should open in october the shares are up"
"150",2021-08-13,"tesla battery supplier catl plans 9 billion share sale to boost capacity"
"151",2021-08-13,"india wants teslas local sourcing plans, roadmap before any tax breaks"
"152",2021-08-13,"india wants tesla sourcing plans, roadmap before any tax breaks"
"153",2021-08-13,"tesla said to be asked to ramp up local sourcing, share detailed india manufacturing plans before tax breaks"
"154",2021-08-13,"elon musk is launching a satellite that will let you advertise on a billboard in space"
"155",2021-08-12,"tesla inc stock outperforms market on strong trading day"
"156",2021-08-12,"how elon musks starlink stacks up against other satellite internet providers"
"157",2021-08-12,"chinas tesla rival li auto makes hong kong debut after 15 billion ipo"
"158",2021-08-12,"tesla stock price target raised to 725 from 660 at ubs"
"159",2021-08-12,"how to value nios stock compared to tesla, vw, ford and other rivals"
"160",2021-08-12,"chinese tesla rival nio narrows losses as revenue surges 127"
"161",2021-08-12,"electric vehicle checkpoint cramer says to buy ford, tesla, gm stock"
"162",2021-08-12,"tesla stock active as musk repeats chip concerns, nio plans brand challenge"
"163",2021-08-12,"tesla files to produce 5 more versions of model y suv in china"
"164",2021-08-12,"nio released earnings wednesday heres how to value its stock compared to tesla, ford and other rivals7 min read"
"165",2021-08-12,"nio released earnings wednesday heres how to value its stock compared to tesla, ford and other rivals"
"166",2021-08-11,"nio earnings report is on tap will stock rally as tesla did"
"167",2021-08-11,"elon musks spacex could be an infrastructure bill loser heres why"
"168",2021-08-11,"elon musk comes forward to assist nasa with spacesuits as moon mission pushed to april 2025"
"169",2021-08-10,"teslas sales are down nearly 70 in the worlds largest auto market"
"170",2021-08-10,"jim cramer on amc, tesla, moderna and lazy thinking"
"171",2021-08-10,"elon musk offers for spacex to make nasa spacesuits, after watchdog says program to cost 1 billion"
"172",2021-08-10,"tesla sales cratered in china, but investors dont seem to mind"
"173",2021-08-10,"jim cramer wait for elon musk before you sell tesla stock"
"174",2021-08-10,"elon musk offers for spacex to make nasa spacesuits, after rising costs"
"175",2021-08-10,"video jim cramer on amc, tesla, moderna, lazy thinking"
"176",2021-08-10,"teslas china deliveries come up short thats not a problem"
"177",2021-08-10,"tesla sold 32,968 chinamade vehicles in july, local sales plunged month over month"
"178",2021-08-10,"watch live jim cramer on amc, tesla, moderna, lazy thinking"
"179",2021-08-10,"morning bell with jim cramer mortgages, tesla and ford"
"180",2021-08-10,"volkswagen joins tesla in call for lower import tax on evs in india"
"181",2021-08-10,"tesla, amc, coinbase, covid, fed tapering 5 things you must know tuesday"
"182",2021-08-10,"tesla stock active, dow futures flat amid focus on fed tapering oil rebounds"
"183",2021-08-10,"after tesla lobbying, india said to consider sharp import tax cuts on electric vehicles"
"184",2021-08-10,"elon musks spacex acquires satellite startup swarm technologies"
"185",2021-08-09,"renault teams up with geely in chinese market thats a risk for tesla"
"186",2021-08-09,"stocks making the biggest moves midday tesla, coinbase, tyson foods and more"
"187",2021-08-09,"five stock gainers for monday tesla, golden nugget online gaming, tyson foods"
"188",2021-08-09,"govt considers sharp import tax cuts on evs after tesla lobbying"
"189",2021-08-09,"mondays biggest analyst calls amazon, walmart, tesla, coinbase, apple more"
"190",2021-08-09,"jefferies upgrades tesla, predicts shares to rally 22"
"191",2021-08-09,"tesla to close some mall showrooms in retail shakeup"
"192",2021-08-09,"video jim cramer on amc, infrastructure, cryptocurrency, tesla"
"193",2021-08-09,"tesla stock gains following wall street upgrade and price target lift"
"194",2021-08-09,"amc, tesla, roku and sanderson farms 5 things you must know monday"
"195",2021-08-09,"tesla, tyson foods, sanderson farms 3 stocks to watch monday"
"196",2021-08-09,"premarket movers monday amd, tesla, amc entertainment"
"197",2021-08-09,"india considering sharp import tax cuts on evs after tesla lobbying report"
"198",2021-08-09,"govt considers sharp import tax cuts on evs after tesla lobbying report"
"199",2021-08-09,"government considers sharp import tax cuts on evs after tesla lobbying report"
"200",2021-08-09,"govt may considers sharp import tax cuts on evs after tesla lobbying"
"201",2021-08-09,"tesla will reportedly require workers at its nevada battery factory to wear masks"
"202",2021-08-09,"elon musks starlink has set up a satellite base on isle of man"
"203",2021-08-09,"why elon musks starlink has set up a satellite base on a tiny island in the irish sea"
"204",2021-08-09,"musks uturn on bitcoin genuine concern or publicity stunt"
"205",2021-08-08,"tesla confirms cybertruck electric pickup delayed to 2022 report"
"206",2021-08-08,"to beat tesla, volkswagen bets on making its own ev batteries"
"207",2021-08-08,"a tesla bull explains the risksand where cathie wood could be wrong 4 min read"
"208",2021-08-08,"a tesla bull explains the risksand where cathie wood could be wrong"
"209",2021-08-08,"elon musk slams apple in brazen technology rivalry"
"210",2021-08-07,"a tesla bull explains the risks and where cathie wood could be wrong 4 min read"
"211",2021-08-07,"a tesla bull explains the risks and where cathie wood could be wrong"
"212",2021-08-07,"tesla says autopilot makes its cars safer crash victims say it kills"
"213",2021-08-06,"cathie wood, memestock champion who bet big on tesla and bitcoin, stands her ground"
"214",2021-08-06,"elon musk dream come true to see spacexs starship rocket fully stacked"
"215",2021-08-06,"musk dream come true to see fully stacked spacex starship rocket during prep for orbital launch"
"216",2021-08-06,"how bidens ev plan could help tesla and squeeze toyota"
"217",2021-08-06,"tesla and musk not invited to white house ev party that makes no sense3 min read"
"218",2021-08-06,"tesla reportedly paid 1 million to former employee who said supervisors called him a racist slur"
"219",2021-08-06,"elon musk risks repeating historys mistakes as he tries to reinvent transit"
"220",2021-08-05,"tesla just got snubbed by bidens electric vehicle summit"
"221",2021-08-05,"buttigieg unsure why tesla wont attend white house ev event"
"222",2021-08-05,"breaking white house tesla not invited to ev event because its focused on 3 biggest employers of uaw members"
"223",2021-08-05,"white house tesla not invited to ev event because its focused on 3 biggest employers of uaw members"
"224",2021-08-05,"tesla megapack fire highlights issues to be solved for utility big batteries"
"225",2021-08-05,"buttigieg not sure why musks tesla wasnt invited to bidens cleancar event"
"226",2021-08-05,"thursdays biggest analyst calls apple, tesla, robinhood, walmart, amc more"
"227",2021-08-05,"electric vehicle checkpoint ford gains ground on tesla"
"228",2021-08-05,"elon musk says steve jobs biographer is writing a book about him"
"229",2021-08-05,"bezos blue origin calls out musks spacex risky model"
"230",2021-08-05,"steve jobs biographer walter isaacson is writing a book about elon musk, says elon musk"
"231",2021-08-05,"elon musk confirms walter isaacson is writing his second biography"
"232",2021-08-04,"tesla dominates ev charging infrastructure across america cnbc after hours"
"233",2021-08-04,"teslas duty cut demand reopens debate between domestic and foreign players"
"234",2021-08-04,"opinion you wont see teslas in india anytime soon elon musk will tell you why"
"235",2021-08-04,"elon musks photos show spacex rolling out massive rocket booster for starship"
"236",2021-08-04,"elon musks photos show spacex rolling out its massive rocket booster for starship"
"237",2021-08-03,"tuesdays biggest analyst calls apple, tesla, nvidia, micron, l brands more"
"238",2021-08-03,"here are tuesdays biggest analyst calls of the day apple, tesla, nvidia, micron, best buy more"
"239",2021-08-03,"piper sandler thinks tesla shares can pop nearly 70"
"240",2021-08-03,"indian auto part makers want teslas entry to benefit local companies"
"241",2021-08-03,"teslas india plans dealt blow as minister rules out import duties cut"
"242",2021-08-03,"teslas india plans dealt blow as minister rules out tax cut"
"243",2021-08-02,"gm has a tough act to follow this week after tesla and ford beats"
"244",2021-08-02,"tesla stock passes 700 for first time in 3 months, musk tweets raise questions"
"245",2021-08-01,"wall streets top analysts see tesla and nike share going higher"
"246",2021-08-01,"elon musk asked tim cook to make him ceo of apple, new book claims"
"247",2021-08-01,"elon musks spacex wins moon lander nod over jeff bezos protest"
"248",2021-08-01,"musks uturn on bitcoin genuine concern or publicity stunt"
"249",2021-07-31,"nikola founders bombshell fraud charges may hold warning for teslas elon musk"
"250",2021-07-31,"ford, tesla, the sec and politics what to watch into happy hour"
"251",2021-07-31,"former nyse trader on what fords ev entrance means for tesla"
"252",2021-07-31,"tesla is getting it done elon musk on real world ai for robotaxis"
"253",2021-07-31,"elon musk refutes claim that he tried to replace cook as apple ceo"
"254",2021-07-31,"elon musk says epic is right, takes sides in battle with apple"
"255",2021-07-31,"elon musk says apple is charging a global internet tax"
"256",2021-07-31,"elon musk calls apples app store fees a de facto global tax on the internet"
"257",2021-07-31,"elon musk and apple deny wild story that he tried to replace tim cook"
"258",2021-07-31,"elon musk says epic is right, takes sides in battle with apple on app store fees"
"259",2021-07-30,"tesla settles temporary battery voltage reduction class action lawsuit for 15m"
"260",2021-07-30,"what bitcoins link with tesla means for public trust in our financial markets"
"261",2021-07-30,"amazon, robinhood, tesla 5 things you must know before the market opens friday"
"262",2021-07-30,"what elon musks semiconductor comments say about teslas competition"
"263",2021-07-30,"tesla says autopilot makes its cars safer crash victims say it kills"
"264",2021-07-30,"tesla agrees to pay 15 million to settle battery throttling lawsuit"
"265",2021-07-30,"elon musks brain computer startup raises 205 million from google ventures and others"
"266",2021-07-29,"at nikola briefing, sec official punts on question about elon musk statements"
"267",2021-07-29,"stocks making the biggest moves midday hilton, yum brands, tesla and more"
"268",2021-07-28,"tesla hikes prices of model 3, model y in us holds line in china"
"269",2021-07-28,"how tesla will open up its superchargers to other evs"
"270",2021-07-28,"the 901 shelby co gets new health director, a tesla sign, loses a lithuanian"
"271",2021-07-28,"apple and tesla are the chip shortages latest victims"
"272",2021-07-28,"tesla blew away earnings shares fell what gives 3 min read"
"273",2021-07-28,"tesla to close some mall showrooms in retail shakeup"
"274",2021-07-28,"morning bell with jim cramer general electric, teslas magic, delta blues"
"275",2021-07-28,"if tesla joins make in india, govt will lower import duty report"
"276",2021-07-28,"tesla hikes electric car prices in us, holds line in china"
"277",2021-07-28,"the porsche dynasty is taking on jeff bezos and elon musk in space"
"278",2021-07-28,"elon musk slams apple in brazen technology rivalry"
"279",2021-07-28,"tesla bitcoin impairment suggests crypto investments are on hold"
"280",2021-07-28,"tuesday newspaper roundup tesla, house prices, hinkley point, ultra"
"281",2021-07-28,"todays logistics report hasbro stocking up tesla accelerates output airing out hydrogen1 min read"
"282",2021-07-28,"tesla just had a very good quarter wall street is not impressed"
"283",2021-07-28,"how tesla shrugged off a 23 million bitcoin loss last quarter cnbc after hours"
"284",2021-07-28,"tesla, apple, amd, general electric, lucid 5 things you must know tuesday"
"285",2021-07-28,"stock market today with jim cramer whats next for tesla"
"286",2021-07-28,"how to trade tesla after muted earnings reaction buy or sell"
"287",2021-07-28,"bitcoin is an asterisk in tesla earnings, jim cramer says"
"288",2021-07-28,"tesla earnings and whats next watch jim cramer, tesla dailys rob maurer"
"289",2021-07-28,"apple earnings, elon musk, market breadth happy hour watchlist 727"
"290",2021-07-28,"ola cabs ceo bhavish aggarwal takes on musk over ev duty cut"
"291",2021-07-28,"ola cabs ceo bhavish aggarwal takes on elon musk over ev duty cut"
"292",2021-07-27,"tesla beats profit and revenue estimates, delays semi launch shares up 1"
"293",2021-07-27,"tesla tops 1 billion in profit, delays semi launch4 min read"
"294",2021-07-27,"elon musk says he is done with regular earnings calls tesla investors are better off3 min read"
"295",2021-07-27,"tesla tops 1 billion in profit, delays semi launch"
"296",2021-07-27,"opinion elon musk says he is done with regular earnings calls tesla investors are better off"
"297",2021-07-27,"tesla reports a net income of 11 billion in the second quarter"
"298",2021-07-27,"elon musk snipes at apple twice on tesla earnings call"
"299",2021-07-27,"stocks making the biggest moves after hours tesla, f5 networks and more"
"300",2021-07-27,"tesla records 23 million in bitcoinrelated impairments in q2"
"301",2021-07-27,"tesla reports more than 1 billion in net income during q2"
"302",2021-07-27,"tesla reports more than 1 billion in net income during q2, up tenfold from a year ago"
"303",2021-07-27,"tesla records 23 million in bitcoinrelated impairments after cryptos secondquarter plunge"
"304",2021-07-27,"stocks making the biggest moves after hours tesla, f5 networks, coinbase and more"
"305",2021-07-27,"tesla posts record 11 billion profit elon musk cautions on chip shortage"
"306",2021-07-27,"tesla reports first profitable quarter excluding regulatory credits"
"307",2021-07-27,"tesla quarterly profits top 1 billion for first time"
"308",2021-07-27,"teslarewrote its own software to survive the chip shortage"
"309",2021-07-27,"tesla finally made a profit without the help of emission credits"
"310",2021-07-27,"elon musk is not happy with apple about these two things"
"311",2021-07-26,"9 of the coolest products you can buy to soup up your tesla"
"312",2021-07-26,"teslas results are due after the closing bell, and cathie wood says wall street is valuing it all wrong"
"313",2021-07-26,"stocks making the biggest moves midday tesla, zoom, hasbro, philips and more"
"314",2021-07-26,"heres how tesla usually trades after its secondquarter results"
"315",2021-07-26,"heres what every major analyst expects from teslas secondquarter earnings"
"316",2021-07-26,"tesla and more goldman sachs names 10 electric vehicle stocks to buy right now"
"317",2021-07-26,"you can listen to teslas secondquarter earnings call here"
"318",2021-07-26,"tesla, lucid motors, bitcoin, amazon and apple 5 things you must know monday"
"319",2021-07-26,"tesla earnings preview what jim cramer wants to hear from elon musk"
"320",2021-07-26,"tesla employees get consumers to delete mean social media posts about elon musk"
"321",2021-07-26,"teslas plans for manufacturing longrange batteries under scrutiny after cancellations"
"322",2021-07-26,"jim cramer says watch for elon musk as lucid motors begins trading"
"323",2021-07-25,"apple, tesla, amazon, exxon mobil, pfizer, and other stocks to watch this week4 min read"
"324",2021-07-25,"apple, tesla, amazon, exxon mobil, pfizer, and other stocks to watch this week"
"325",2021-07-25,"barrons tesla reports earnings tomorrow heres what matters most"
"326",2021-07-25,"tesla reports earnings tomorrow heres what matters most"
"327",2021-07-25,"bitcoin hits key level not seen since may amid ark, tesla ceos boost"
"328",2021-07-25,"here are 8 things investors will be looking for in teslas earnings report"
"329",2021-07-25,"why tesla doesnt need to advertise the model s plaid and the bugatti dealer"
"330",2021-07-25,"why tesla doesnt advertise the model s plaid and the bugatti dealer"
"331",2021-07-24,"musk wants tesla factory in india, but post temporary relief on import duty"
"332",2021-07-24,"elon musk gives two reasons why tesla hasnt come to india till now"
"333",2021-07-24,"tesla lobbies india for sharply lower import taxes on electric vehicles sources"
"334",2021-07-24,"tesla ceo elon musk expects at least temporary relief for evs in india in terms of import duty relaxation"
"335",2021-07-24,"elon musk expects at least temporary relief for evs in india"
"336",2021-07-24,"india plant likely if tesla succeeds in importing cars, says elon musk"
"337",2021-07-24,"musk tweets that tesla will share its charging network why thats a savvy move4 min read"
"338",2021-07-24,"musk tweets that tesla will share its charging network why thats a savvy move"
"339",2021-07-24,"barrons tesla earnings are coming only one thing matters"
"340",2021-07-24,"want to, but import duties highest in world tesla ceo on india car launch"
"341",2021-07-24,"tesla seeks lower taxes on sale of imported evs in india report"
"342",2021-07-24,"mercedesbenz hits accelerator in ecar race with tesla, plans to invest over eur 40 billion by 2030"
"343",2021-07-24,"tesla said to lobby india for sharply lower import taxes on electric vehicles"
"344",2021-07-24,"want to, but import duties highest in world elon musk on india car launch"
"345",2021-07-24,"musks uturn on bitcoin genuine concern or publicity stunt"
"346",2021-07-23,"tesla earnings are coming only one thing matters"
"347",2021-07-23,"teslas factory near berlin runs into activists, red tape and lizards"
"348",2021-07-23,"tesla lobbies india for sharply lower import taxes on evs report"
"349",2021-07-23,"elon musk risks repeating historys mistakes as he tries to reinvent transit"
"350",2021-07-23,"bitcoin set for weekly gain after musk helps recovery above 30,000"
"351",2021-07-23,"elon musk says he plans to hold bitcoin longtermthat could be a good strategy"
"352",2021-07-23,"elon musk says he plans to hold bitcoin longtermwhy that could be a good strategy"
"353",2021-07-22,"ted lasso star jason sudeikis on his new tesla and why he doesnt play golf5 min read"
"354",2021-07-22,"elon musk its possible to make extremely safe nuclear power plants"
"355",2021-07-22,"asia report stocks rise across region, bhp strikes deal with tesla"
"356",2021-07-22,"bhp group inks deal to supply tesla with nickel for ev batteries"
"357",2021-07-22,"teslas deal on nickel for batteries should raise eyebrows 3 min read"
"358",2021-07-22,"teslas deal on nickel for batteries should raise eyebrows"
"359",2021-07-22,"tesla bear admits ev makers earnings may top street"
"360",2021-07-22,"thursdays biggest analyst calls tesla, apple, boeing, mcdonalds more"
"361",2021-07-22,"what bitcoins link with tesla means for public trust in our financial markets"
"362",2021-07-22,"tesla and bitcoin, activision, att, chembio 5 things you must know"
"363",2021-07-22,"teslas factory in berlin runs into activists, red tape and lizards"
"364",2021-07-22,"bitcoin seesaws as elon musk supports trend for more renewables in mining"
"365",2021-07-22,"elon musk talks about his cryptocurrency investments, confirms spacex is holding bitcoin"
"366",2021-07-22,"bitcoin price sees a surge after elon musks conference on cryptocurrency"
"367",2021-07-22,"tesla signs nickel deal with bhp to secure nonchinese supply"
"368",2021-07-22,"musk says spacex holds bitcoin, tesla likely to resume accepting it"
"369",2021-07-22,"bhp shares jump 3 after news about a nickel deal with tesla"
"370",2021-07-22,"shares of australian miner bhp jump after news of nickel supply deal with tesla"
"371",2021-07-22,"elon musk says tesla caused twothirds of his personal and professional pain"
"372",2021-07-22,"musk helps bitcoin hit 32,000 tesla to accept btc payments"
"373",2021-07-22,"tesla using vehicle owners as beta testers putting others on the road at risk"
"374",2021-07-22,"electric vehicle checkpoint jim cramer eyes tesla as a solar stock"
"375",2021-07-22,"tesla, netflix, jj, milwaukee bucks 5 things you must know wednesday"
"376",2021-07-22,"elon musk confirms that spacex holds bitcoin, says tesla will likely accept bitcoin again"
"377",2021-07-22,"tesla will open its superchargers to other evs this year elon musk"
"378",2021-07-22,"tesla says autopilot makes its cars safer crash victims say it kills"
"379",2021-07-22,"tesla mints nickel deal with aussie mining giant"
"380",2021-07-22,"tesla will most likely restart accepting bitcoin as payments, says ceo elon musk"
"381",2021-07-22,"forexdollar, yen on back foot as risk sentiment revives musk buoys bitcoin"
"382",2021-07-22,"forexdollar, yen in retreat as risk sentiment revives, musk lifts bitcoin"
"383",2021-07-22,"elon musk says he personally owns bitcoinand so does spacex2 min read"
"384",2021-07-22,"bitcoin rises as elon musk says, i might pump, but i dont dump"
"385",2021-07-22,"musk, dorsey, and wood talk up bitcoin prices surge"
"386",2021-07-22,"man arrested in spain for twitter hack that targeted musk, kardashian, obama and others"
"387",2021-07-22,"elon musk says hes invested in bitcoin and wants to see it succeed"
"388",2021-07-22,"ethereum price rises after elon musk confirms he owns the cryptocurrency"
"389",2021-07-22,"can elon musk, cathie wood and jack dorsey save bitcoin"
"390",2021-07-22,"elon musksays spacex holds bitcoin, ribs jack dorsey at conference"
"391",2021-07-21,"elon musk says tesla will open up supercharger stations to other evs"
"392",2021-07-21,"tesla earnings preview semi truck, cybertruck pickup and chip shortage in focus"
"393",2021-07-21,"elon musk says tesla supercharger network will be open to other cars this year"
"394",2021-07-21,"tesla plans to open its supercharger network to other electric vehicles later this year, ceo elon musk tweets"
"395",2021-07-20,"aimim official twitter account hacked profile name changed to elon musk"
"396",2021-07-19,"25 stocks, including tesla and nvidia, that are down 30 or more from 52week highs3 min read"
"397",2021-07-19,"25 stocks, including tesla and nvidia, that are down 30 or more from 52week highs"
"398",2021-07-19,"barrons tesla stock has been going nowhere that could change this week"
"399",2021-07-19,"how tesla could transform the entire auto industry, again"
"400",2021-07-19,"elon musks dogecoin tweets and 5 other things that happened in crypto this past week"
"401",2021-07-19,"tesla stock has been going nowhere that could change this week4 min read"
"402",2021-07-19,"tesla stock has been going nowhere that could change this week"
"403",2021-07-19,"tesla unveils 199amonth full selfdriving subscription plan but theres a catch"
"404",2021-07-19,"xpeng prices its new sedan at 24,700 undercutting teslas model 3 in china"
"405",2021-07-19,"chinese electric carmaker xpeng prices its new sedan at 24,700 undercutting tesla"
"406",2021-07-19,"musk considers dogecoin for tesla ev payments, shiba coin surges"
"407",2021-07-19,"chinese ev makers report record june deliveries with an eye on rival tesla"
"408",2021-07-19,"tesla stock slips as autonomous driving hardware update draws ire"
"409",2021-07-19,"tesla, ocado, robinhood ipo on thestreet monday"
"410",2021-07-19,"aimims official twitter handle hacked, name changed to elon musk"
"411",2021-07-18,"tesla launches full self driving subscriptions at 199 a month"
"412",2021-07-17,"tesla full self driving subscriptions are now available for 199 a month"
"413",2021-07-17,"tesla launches subscription service for advanced driver assistance software"
"414",2021-07-17,"tesla owners can now get fsd premium driver assistance for 199 per month"
"415",2021-07-17,"tesla owners can now subscribe to fsd premium driver assistance for 199 per month"
"416",2021-07-17,"dogecoin creator says he need to write cryptic tweets like elon musk his response was epic"
"417",2021-07-16,"tesla inc stock falls friday, underperforms market"
"418",2021-07-16,"elon musk admits teslas cybertruck might flop because its so different"
"419",2021-07-16,"9 of the coolest products you can buy to soup up your tesla"
"420",2021-07-16,"crypto exchange binance stops selling digital versions of stocks like tesla and apple as regulators circle"
"421",2021-07-16,"amazon sellers are in such demand, one startup is giving away teslas for referrals"
"422",2021-07-16,"spacex ceo elon musk applauds isros progress for gaganyaan mission"
"423",2021-07-16,"musks uturn on bitcoin genuine concern or publicity stunt"
"424",2021-07-15,"thursdays biggest analyst calls facebook, apple, netflix, twitter, tesla"
"425",2021-07-15,"congratulations india, elon musk hails isros successful test of gaganyaan rocket engine"
"426",2021-07-15,"tesla wins first, second, and third in car drivers ev 1000 race"
"427",2021-07-15,"tesla model s plaid raffled off to fight climate change"
"428",2021-07-15,"elon musk reveals teslas billion dollar backlog"
"429",2021-07-15,"teslas powerwall backlog exceeds production capacity, musk says"
"430",2021-07-14,"elon musk defends solarcity deal, says tesla aims to be more than a car company"
"431",2021-07-14,"tesla stock is falling goldman sachs is raising its earnings estimate"
"432",2021-07-14,"elon musk says tesla powerwall production lagging due to chip shortage"
"433",2021-07-14,"tesla says autopilot makes its cars safer crash victims say it kills"
"434",2021-07-14,"musk defends solarcity deal the goal is not to be a car company"
"435",2021-07-14,"elon musk continues to tweet about altcoins like baby dogecoinbut investors should tread carefully"
"436",2021-07-13,"elon musk says didnt set deal terms for tesla acquisition of solarcity"
"437",2021-07-13,"elon musk returns to court to defend solarcity purchase6 min read"
"438",2021-07-13,"elon musk wraps testimony in solarcity trial after denying he set acquisition price"
"439",2021-07-13,"elon musk returns to court after heated first day of trial defending teslas solarcity purchase"
"440",2021-07-13,"these big tech stocks, including square and tesla, are expected to show the best sales growth as the us economy expands"
"441",2021-07-13,"musk says didnt set deal terms for tesla acquisition of solarcity"
"442",2021-07-13,"battlegrounds mobile india july update is now live with mission ignition mode, tesla gigafactory, and more"
"443",2021-07-13,"musk faces second day of questioning in solarcity trial"
"444",2021-07-13,"elon musk returns to court to defend solarcity purchase5 min read"
"445",2021-07-13,"elon musk trial resumes after someone vomits in court"
"446",2021-07-13,"tesla and these other stocks should be boosted as a key electricvehicle subsidy gets extended, says ubs4 min read"
"447",2021-07-13,"elon musk defends teslas 26billion solarcity deal in us shareholder trial"
"448",2021-07-13,"musk defends solarcity deal, says of being tesla boss i rather hate it"
"449",2021-07-13,"how will teslas cybertruck compare with the hummer ev, and when will they be out"
"450",2021-07-13,"elon musk testifies to defend teslas 26 billion acquisition of solarcity in shareholder lawsuit"
"451",2021-07-13,"elon musk tells court he dislikes being tesla ceo as solarcity trial opens"
"452",2021-07-13,"elon musk tweets on full selfdriving beta v9 as tesla releases new software update"
"453",2021-07-13,"what jim cramer expects from elon musks solarcity testimony"
"454",2021-07-12,"tesla stock and volkswagen should get boosted by this electricvehicle subsidy4 min read"
"455",2021-07-12,"tesla stock and volkswagen should get boosted by this electricvehicle subsidy"
"456",2021-07-12,"elon musk under fire again ceo to testify over teslas acquisition of solarcity"
"457",2021-07-12,"tesla and these other stocks should be boosted as a key electricvehicle subsidy gets extended, says ubs"
"458",2021-07-12,"elon musk testifies to defend teslas 26 billion acquisition of solarcity"
"459",2021-07-12,"musk heading to us court to defend teslas solarcity deal"
"460",2021-07-12,"tesla wont cover the cost if rats gnaw at your soyflavored car wires"
"461",2021-07-12,"jim cramer virgin galactic had a remarkable run, but id buy tesla"
"462",2021-07-12,"virgin galactic, tesla, amc and wells fargo 5 things you must know"
"463",2021-07-12,"jim cramer on virgin galactic, disney, tesla, earnings season"
"464",2021-07-12,"elon musk under fire again ceo to testify over tesla acquisition"
"465",2021-07-12,"elon musk defends purchase of solarcity in court"
"466",2021-07-12,"elon musk bought his ticket for richard bransons spaceship when he could least afford it"
"467",2021-07-12,"elon musk booked a future flight on bransons virgin galactic spacecraft"
"468",2021-07-12,"elon musk, jack dorsey to discuss bitcoin at event in july"
"469",2021-07-12,"tesla model y is hot but the chevy bolt ev is a steal deals alert"
"470",2021-07-12,"elon musk under fire again ceo to testify over teslas acquisition of sunpower"
"471",2021-07-11,"tesla model y is hot but the chevy bolt ev is cheap deals alert"
"472",2021-07-11,"elon musk is called to defend teslas purchase of solarcity"
"473",2021-07-11,"halo uses remote operations to offer summoned carshare might tesla do it with starlink"
"474",2021-07-11,"are electric cars safe another chevy bolt caught fire, a tesla model s plaid did too"
"475",2021-07-11,"selfdriving future looking less like elon musk, more like dominos pizza robots"
"476",2021-07-10,"tesla finally begins shipping full selfdriving beta version 9 after a long delay"
"477",2021-07-10,"a tesla death cross has appeared for the first time in more than 2 years"
"478",2021-07-10,"tesla ceo elon musk goes to trial monday to defend 26 billion solarcity acquisition"
"479",2021-07-10,"tesla ceo elon musk goes to trial monday to defend 26 billion solarcity deal"
"480",2021-07-10,"cramers lightning round ford and tesla are at buying levels"
"481",2021-07-10,"how ross gerber spotted teslas potential early interview with jim cramer"
"482",2021-07-10,"elon musk trial asks the 2 billion question who controls tesla"
"483",2021-07-10,"elon musks battery partner zeng yuqun now richer than alibabas jack ma"
"484",2021-07-10,"dogefather elon musk tweets in support of the cryptocurrency, dogecoin gains 8 percent"
"485",2021-07-09,"tesla launches cheaper model y in china amid increased scrutiny from regulators"
"486",2021-07-09,"elon musks china battery partner is now richer than jack ma"
"487",2021-07-08,"a tesla death cross is coming, the first in more than 2 years"
"488",2021-07-08,"tesla inc stock outperforms competitors on strong trading day"
"489",2021-07-08,"dont rely on china as a top reason to buy tesla, morgan stanleys jonas says"
"490",2021-07-08,"ark invest just bought tesla stock for first time in over a month heres why"
"491",2021-07-08,"dont rely on china as a top reason to buy tesla shares, morgan stanleys adam jonas says"
"492",2021-07-08,"this key tesla rival has a 36 billion plan to win the electricvehicle race heres what you need to know4 min read"
"493",2021-07-08,"this key tesla rival has a 36 billion plan to win the electricvehicle race heres what you need to know"
"494",2021-07-08,"this key tesla rival has a 36 billion plan to win the electricvehicle race what you need to know"
"495",2021-07-08,"tesla releases a cheaper model y in its battleground china market"
"496",2021-07-08,"teslas china delivery numbers were good, just not good enough"
"497",2021-07-08,"south florida city accepts tesla beach tunnel plan"
"498",2021-07-08,"jim cramer on the selloff, oil, newegg, tesla and alphabet"
"499",2021-07-08,"electric vehicle checkpoint why jim cramer says tesla is a good buy"
"500",2021-07-08,"tesla, newegg, google, growth concerns 5 things you must know thursday"
"501",2021-07-08,"tesla slips, newegg cracks, stocks vs bonds on thestreet thursday"
"502",2021-07-08,"watch jim cramer on the selloff, oil, newegg, tesla, alphabet"
"503",2021-07-08,"fort lauderdale approves proposal from elon musks company for beach tunnel"
"504",2021-07-08,"musks uturn on bitcoin genuine concern or publicity stunt"
"505",2021-07-07,"tesla stock isnt joining the tech rally heres why 4 min read"
"506",2021-07-07,"tesla stock isnt joining the tech rally heres why"
"507",2021-07-07,"chinas didi crackdown could have implications for tesla, morgan stanley says"
"508",2021-07-07,"here are wednesdays biggest analyst calls tesla, coinbase, microsoft, chevron, netflix more"
"509",2021-07-07,"tesla model s plaid raffled off to fight climate change"
"510",2021-07-07,"fake tesla, apple, amazon stocks have started trading on blockchains all you need to know"
"511",2021-07-07,"why tesla stock got clobbered today and why it could bounce back"
"512",2021-07-07,"shares of chinese tesla rival xpeng fall on hong kong debut"
"513",2021-07-07,"chinese tesla challenger debuts in hong kong with 18b ipo"
"514",2021-07-07,"tesla affirmed underweight, target raised at jp morgan"
"515",2021-07-07,"nasa chief bill nelson on the new billionaire space race between musk, bezos and branson"
"516",2021-07-07,"spacex ceo elon musk now lives in a tiny foldable home"
"517",2021-07-06,"tuesdays biggest analyst calls tesla, apple, nvidia, coinbase more"
"518",2021-07-06,"tesla cybertruck feature could be similar to gmc hummer evs gamechanging mode"
"519",2021-07-06,"tesla sales are way up, but ford and others are still grappling with a semiconductor shortage"
"520",2021-07-06,"tesla aims to revitalize its solar energy and storage business this year after 2019 slump"
"521",2021-07-06,"elon musk has a history of wild ideas some of them have worked out"
"522",2021-07-06,"tesla says autopilot makes its cars safer crash victims say it kills"
"523",2021-07-06,"developing safe selfdriving car a hard problem, admits elon musk"
"524",2021-07-05,"tesla drivers are still waiting for latest full self driving update"
"525",2021-07-05,"here comes the electric pickup tesla cybertruck vs ford f150 lightning vs gmc hummer ev infographic"
"526",2021-07-05,"inbrain neuroelectronics believes its chips could outperform elon musks neuralink"
"527",2021-07-03,"elon musks boring company pitches underground transit loop to fort lauderdale"
"528",2021-07-03,"can tesla really do without radar for full selfdriving"
"529",2021-07-03,"elon musk congratulates tesla on producing, delivering 200,000 cars and achieving 150 percent yoy rise in q2"
"530",2021-07-03,"tesla q2 deliveries hit new high, beat estimates"
"531",2021-07-02,"record deliveries are nothing new for tesla what comes next for the stock3 min read"
"532",2021-07-02,"record deliveries are nothing new for tesla what comes next for the stock"
"533",2021-07-02,"update 5tesla q2 deliveries meet analysts estimates as chip shortage weighs"
"534",2021-07-02,"tesla model s plaid caught fire while owner was driving, lawyer says"
"535",2021-07-02,"is nio stock a buy 2 catalysts loom for the tesla of china"
"536",2021-07-02,"a tesla model s plaid caught fire in pennsylvania, briefly trapping the driver inside"
"537",2021-07-02,"tesla delivered over 200,000 cars in the second quarter of 2021"
"538",2021-07-02,"tesla delivers 201,250 cars in q2, falls short of expectations"
"539",2021-07-02,"tesla car caught fire while owner was driving, claims lawyer"
"540",2021-07-02,"teslas sales show company is weathering chips shortage better than other auto makers3 min read"
"541",2021-07-02,"teslas sales show company is weathering chips shortage better than other auto makers"
"542",2021-07-02,"tesla reported record deliveries why thats not good enough"
"543",2021-07-02,"tesla sales rise despite problems with chips and china"
"544",2021-07-02,"fridays biggest analyst calls tesla, microsoft, home depot, sunrun more"
"545",2021-07-02,"chinese ev makers report record june deliveries with an eye on rival tesla"
"546",2021-07-02,"tesla reports record deliveries as chip crunch tests industry"
"547",2021-07-02,"jobs report, virgin galactic, tesla and robinhood 5 things you must know"
"548",2021-07-02,"what the tesla delivery numbers mean for the stock"
"549",2021-07-02,"teslas sales more than doubled in the second quarter"
"550",2021-07-02,"tesla model s plaid caught fire while driver was at the wheel, says fire chief"
"551",2021-07-02,"why elon musk is winning the billionaire space race in 2021 cnbc after hours"
"552",2021-07-01,"elon musk may be losing his sway with dogecoin investorsbut baby doge coin is soaring"
"553",2021-07-01,"the tesla case why index funds often buy high and sell low4 min read"
"554",2021-07-01,"the tesla case why index funds often buy high and sell low"
"555",2021-07-01,"tesla stock trading pattern looks bleak after tough start to 2021"
"556",2021-07-01,"tesla shares slide as ford, gm stocks gain on ev success"
"557",2021-07-01,"tesla stock is a hybrid workplace play, jim cramer says"
"558",2021-07-01,"boryana straubel, 38, dies philanthropist and former tesla executive"
"559",2021-07-01,"elon musk may be losing his sway with dogecoin investors but baby doge coin is soaring"
"560",2021-07-01,"elon musk says spacex competitor ula would be dead without pentagon help"
"561",2021-07-01,"jim cramer on micron, ford, tesla, krispy kreme, small business"
"562",2021-07-01,"tesla holds steady as nio wavers despite strong deliveries chart"
"563",2021-07-01,"teslas secondquarter delivery and production expectations"
"564",2021-07-01,"watch jim cramer on micron, ford, tesla, krispy kreme, small business"
"565",2021-07-01,"consumer reports returns tesla model 3s top pick rating"
"566",2021-07-01,"elon musk praises chinas economic prosperity on ccp 100th anniversary"
"567",2021-07-01,"russia races tom cruise and musk for first movie in space"
"568",2021-07-01,"elon musks starlink to reliance jio firms brace for broadband battle"
"569",2021-07-01,"elon musks starlink to provide internet nearly worldwide within weeks"
"570",2021-06-30,"nhtsa focuses on crashes of selfdriving cars its big news for tesla 4 min read"
"571",2021-06-30,"nhtsa focuses on crashes of selfdriving cars its big news for tesla"
"572",2021-06-30,"tesla recalls vehicles in china for online software update"
"573",2021-06-30,"musks uturn on bitcoin genuine concern or publicity stunt"
"574",2021-06-30,"tesla is expected to deliver more than 200,000 vehicles in the second quarter"
"575",2021-06-30,"this selfcharging electricvehicle maker is giving tesla a run for its money it could ipo soon"
"576",2021-06-30,"consumer reports returns tesla model 3s top pick rating after stripping it away"
"577",2021-06-30,"china, musk raise alarm about bitcoin energy use how it could be made greener"
"578",2021-06-30,"elon musk calls rocket launch regulations broken after aircraft delays spacex launch"
"579",2021-06-30,"this new tesla fighter from mercedes beats out the model s on two key measures, ubs says"
"580",2021-06-30,"tesla rival xpeng prices global offering of 85 million shares at hk165 a share to raise hk14025 billion"
"581",2021-06-30,"teslas delivery report is coming and there is plenty to watch this time"
"582",2021-06-30,"the new mercedes tesla fighter lives up to its name here are the test results"
"583",2021-06-30,"a top designer wants to build an airpurifying tesla rival that you can sleep and eat in"
"584",2021-06-30,"wednesdays biggest analyst calls tesla, micron, virgin galactic, gap, apple"
"585",2021-06-30,"tesla is under pressure from nio, but these are the best ev investments right now, analysts say"
"586",2021-06-29,"tesla is under pressure from nio, but these are the best ev investments right now, says ubs"
"587",2021-06-29,"tesla is under pressure from nio, but these are the best electricvehicle investments right now, says ubs"
"588",2021-06-29,"teslas target price got cut by ubs heres where the better opportunities lie"
"589",2021-06-29,"teslas top electric vehicle challengers in the us"
"590",2021-06-29,"ubs cuts tesla price target by roughly 10, citing growing competition"
"591",2021-06-29,"cramers mad money recap boeing, intellia, tesla"
"592",2021-06-29,"nio will surpass tesla as chinas top ev maker, navellier says"
"593",2021-06-29,"what nike, starbucks stocks tell jim cramer about tesla and china"
"594",2021-06-29,"binance, tesla, boeing, bed bath beyond 5 things you must know"
"595",2021-06-29,"stock market today with jim cramer tesla bellwether of high growth"
"596",2021-06-29,"tesla stock remains bellwether of highgrowth tech, jim cramer says"
"597",2021-06-28,"tesla buyers are fiercely loyal new competition could change that"
"598",2021-06-28,"tesla hits speedbump in china its a very modern recall, though"
"599",2021-06-28,"tesla faces black eye moment over china recall, says bullish analyst3 min read"
"600",2021-06-28,"what to know about the tesla recall barrons on marketwatch"
"601",2021-06-28,"tesla faces black eye moment over china recall, says bullish analyst"
"602",2021-06-28,"mondays biggest analyst calls micron, tesla, gamestop, microsoft more"
"603",2021-06-28,"wedbush says tesla faces a moment of truth in china with recall"
"604",2021-06-28,"tesla shares shrug off soft recall of 285,000 cars in china"
"605",2021-06-28,"here are mondays biggest analyst calls of the day micron, tesla, gamestop, microsoft more"
"606",2021-06-28,"tesla recalls over 285,000 vehicles in china, most of them locally made"
"607",2021-06-28,"tesla hits another bump in the road in china with huge recall"
"608",2021-06-28,"tesla recalls nearly 300,000 cars in china over cruise control safety issue"
"609",2021-06-28,"tesla hits speedbump in china its a very modern recall, though 3 min read"
